Date,Open,High,Low,Last,Close,Total Trade Quantity,Turnover (Lacs)
05-11-04,88,88,70,75.55,75.55,232535736,170036.32
08-11-04,76.8,78.6,75,75.15,75.2,68865277,52940.24
09-11-04,75.1,76.1,74.55,75.25,75.3,37460886,28202.36
10-11-04,75.5,75.95,75,75.05,75.05,17413433,13115.85
11-11-04,75.35,75.4,74.3,74.6,74.45,15961426,11930.37
12-11-04,75,82.4,73.65,74.55,74.65,4253463,3178.86
16-11-04,74.7,74.8,73.2,73.7,73.65,13254394,9770.65
17-11-04,73.7,75.2,73.5,73.7,73.6,20036184,14871.97
18-11-04,75,79.85,73.5,73.5,73.65,17954359,13249.79
19-11-04,73.65,74.85,73.5,73.65,73.55,15895741,11775.35
22-11-04,73.6,75.05,72,74.4,74.45,28118069,20764.92
23-11-04,75,76.5,74.95,76.1,75.85,29755772,22590.6
24-11-04,76.55,78,76.2,77.85,77.8,30821250,23848.43
25-11-04,77.9,79,76.8,76.95,77.05,23538442,18348.94
29-11-04,77.2,78,76.75,77.5,77.3,14201592,10973.35
30-11-04,77.9,79.7,76.85,79.25,79.1,39953911,31425.01
01-12-04,79.5,80.5,79,79.65,79.7,33721820,26934.8
02-12-04,80.5,81.35,79.95,80.45,80.45,18200351,14693.07
03-12-04,80.75,80.9,79.25,79.6,79.6,12751825,10177.4
06-12-04,81.6,82.1,79.65,80,79.9,10983285,8823.17
07-12-04,80.2,81.75,79.55,80.65,80.45,21482990,17369.31
08-12-04,80.7,81.2,79.55,80.05,80,21705590,17459.63
09-12-04,79.9,80.35,79.6,80,80,9418563,7535.35
10-12-04,81.6,81.6,78.7,78.9,79,9916789,7893.55
13-12-04,79.15,80,78.85,79.55,79.6,7050908,5605.57
14-12-04,80.1,81.75,79.8,81.65,81.6,16024313,12969.47
15-12-04,82,84.5,81.95,83.9,84.1,23958928,19981.98
16-12-04,84.5,85,83.5,83.8,83.8,9719163,8164.03
17-12-04,84.1,84.2,82.5,83.1,83,8752951,7288.7
20-12-04,83,83.95,83,83.2,83.25,6285852,5243.43
21-12-04,83.5,84.8,83.45,84.5,84.5,10321921,8699.51
22-12-04,84.95,84.95,82.9,82.95,83.15,8455261,7081.21
23-12-04,83,84,83,83.3,83.25,5830509,4870.16
24-12-04,83.75,84.4,83.3,83.8,83.65,5597965,4694.33
27-12-04,83.5,85.5,83,85.25,85.05,10965357,9298.52
28-12-04,85.45,87.15,85.3,87.1,86.95,10554064,9134.38
29-12-04,87,89.1,86.6,86.75,87.05,16424060,14380.05
30-12-04,87.15,87.8,85.3,85.65,85.65,16434144,14176.21
31-12-04,86.1,87.9,86,87.7,87.25,6575789,5714.15
03-01-05,88,88.8,87.05,88.7,88.5,10136028,8929.65
04-01-05,88.65,89.65,87.65,88.8,88.8,11406200,10135.22
05-01-05,88.45,89.1,82.25,84.45,84.85,14253722,12234.18
06-01-05,84.75,84.75,81.6,82.7,82.7,18412524,15322.53
07-01-05,83.9,83.95,82.8,83.55,83.35,7801660,6509.58
10-01-05,88,88,83.1,83.1,83.45,6833531,5752.27
11-01-05,83.5,83.8,81.55,81.85,81.8,8314946,6863.79
12-01-05,81,82.5,78,79.35,79.05,14900817,11946.05
13-01-05,80.3,82.5,79.6,82.25,81.8,11014700,8966.86
14-01-05,82.35,82.6,80.6,81.45,81.15,10422186,8504.29
17-01-05,82,82.1,79.1,81.5,81.25,9284303,7470.07
18-01-05,81.5,82.1,81,81.3,81.35,6463672,5279.09
19-01-05,81,82.05,79.5,79.75,79.8,8993427,7239.34
20-01-05,80,80,77.5,78.2,78.25,8787095,6892.94
24-01-05,84.7,84.7,77.75,77.8,78.05,3818135,2989.09
25-01-05,78.5,81.1,77.4,80.9,80.8,18803080,14936.78
27-01-05,81.5,81.8,79.4,80.2,79.9,11389322,9197.83
28-01-05,80.75,82.55,80.5,82.4,82.25,12679306,10369.84
31-01-05,82.5,87,82.5,86.6,86.5,28705101,24386.63
01-02-05,87,90.6,85.3,89.05,89.15,43321175,38260.97
02-02-05,89.5,91.25,88.95,89.9,89.75,28553839,25720.27
03-02-05,90.2,92.4,90.2,92.35,91.85,18312983,16724.5
04-02-05,92.45,92.9,90.25,91.65,91.75,21712644,19881.72
07-02-05,93.4,93.7,91.9,92.6,92.6,18248140,16968.46
08-02-05,93,93.2,91,91.6,91.35,12447419,11461.81
09-02-05,91.9,92.45,91.2,92,91.95,9024452,8303.84
10-02-05,93.8,93.8,91.25,92.15,92.05,9357643,8620.35
11-02-05,92.45,92.95,91.85,92.25,92.15,6297522,5821.88
14-02-05,92.7,93,91.75,92,92.05,5843033,5398.37
15-02-05,92.3,93.45,91.3,92.65,92.65,16336677,15106.56
16-02-05,93,93.4,91.85,92.25,92.1,11935299,11063.62
17-02-05,92,92.85,91.2,92.75,92.4,10813254,9943.57
18-02-05,92.7,94.3,92.55,93.45,93.3,13436509,12574.42
21-02-05,93.55,94.1,92,92.05,92.4,7603625,7064.89
22-02-05,92.55,92.75,91.9,92.6,92.65,6443985,5953.5
23-02-05,93,95.2,92,94.65,94.9,14588120,13711.98
24-02-05,95.5,95.5,93.35,94.05,93.85,15271545,14403.08
25-02-05,93.95,93.95,92.1,92.3,92.5,7792264,7244.54
28-02-05,92.75,93.8,92.3,92.95,93,9479280,8829.87
01-03-05,93.5,93.5,92.4,93.05,93,5090523,4727.7
02-03-05,92.85,94,92.85,93.3,93.4,4197770,3923.28
03-03-05,93.45,94.15,93.35,93.9,93.95,3952961,3710.68
04-03-05,94.15,94.85,93.65,93.9,93.95,6198037,5845.25
07-03-05,94.05,94.6,91.9,92.15,92.2,11415157,10594.17
08-03-05,93.5,94.25,91.8,93.9,93.9,8477220,7926.57
09-03-05,94.25,94.4,91.9,92.5,92.5,6894116,6399.68
10-03-05,92.7,93.2,92.1,93,93.05,4309851,4002.26
11-03-05,93.4,94,93,93.25,93.5,5801161,5421.99
14-03-05,93.4,93.7,92.55,92.95,93,2856688,2656
15-03-05,93.2,93.8,91.6,91.65,91.75,4357954,4027.03
16-03-05,91.95,92.45,91.1,91.15,91.35,2450303,2250.88
17-03-05,91.5,91.5,89.55,89.8,90.05,2634274,2387.87
18-03-05,90,90.4,87.35,89.75,89.7,4959130,4414.15
21-03-05,89.9,89.95,88,88.05,88.15,2105416,1870.66
22-03-05,88.3,88.9,85.3,85.5,85.7,5221374,4523.05
23-03-05,95.5,95.5,83.25,83.5,83.95,6341676,5395.32
24-03-05,83.5,84.9,83,84.6,84.1,5291887,4439.38
28-03-05,85.4,86.65,84.2,86.3,86.1,5647191,4849.89
29-03-05,86.95,86.95,84.2,84.85,84.75,5317918,4539.76
30-03-05,85.4,86,84.35,85.1,85.35,4155098,3540.85
31-03-05,85.75,86.45,84.9,85.1,85.3,6316654,5412.42
01-04-05,99,99,85.2,87.8,87.6,4402210,3809.87
04-04-05,87.55,89.9,85.7,85.95,86,5993488,5209.89
05-04-05,86.8,86.8,83.9,85.95,85.95,6365239,5433.72
06-04-05,86,86,84.5,85.15,85,4279926,3650.66
07-04-05,85,85.85,84.6,85.1,85.05,2911224,2485.85
08-04-05,85.5,86.15,85,85.7,85.85,8855329,7581.11
11-04-05,86,86,84.2,85.1,85,3119292,2648.99
12-04-05,85.25,85.65,84.55,85.5,85.5,2285549,1945.24
13-04-05,85.75,86.35,85,85.8,86.1,7745166,6645.97
15-04-05,85.5,85.5,83.6,83.6,84,5867194,4951.1
18-04-05,83,83.75,80,83.05,83.05,4844762,4011.63
19-04-05,83.45,84.5,83,83.5,83.4,3493614,2929.82
20-04-05,83.6,84.95,83.05,84.95,84.55,3223562,2702.47
21-04-05,84.9,85.5,83.5,85.2,85.25,1792216,1518.65
22-04-05,85.35,85.75,84.75,85.05,85.1,1853175,1579.08
25-04-05,85.1,86,84.85,85.95,85.95,2192387,1876.07
26-04-05,85.9,86.25,85.35,85.55,85.75,3381779,2904.38
27-04-05,85,85.85,84.05,84.2,84.5,2262927,1919.42
28-04-05,84.5,84.5,80.75,81.5,81.6,12621932,10352.97
29-04-05,81.55,83,81.4,82.25,82.15,5783430,4745.76
02-05-05,82.4,82.7,81.15,82.15,82.1,2312968,1896.19
03-05-05,82.45,82.45,81.65,82.1,82.05,1568480,1287.41
04-05-05,82.25,82.6,81.9,82.1,82.05,2310733,1901.66
05-05-05,82.4,83.35,82.3,82.6,82.6,2441563,2023.04
06-05-05,82.6,83.2,82.3,83.2,83,1767343,1465.56
09-05-05,83,84.55,83,84.35,84.3,3834589,3224.7
10-05-05,84.9,85.55,84.4,85,84.8,4125541,3510.72
11-05-05,85.4,86,84,84.85,84.95,4076923,3475.38
12-05-05,85,85.5,84.5,84.6,84.7,1840433,1564.25
13-05-05,84.5,84.95,83.7,84.7,84.6,1714980,1445.71
16-05-05,85,85.5,84.55,85.35,85.1,2732091,2325.4
17-05-05,84.6,85.5,83.5,83.55,83.8,1162316,980.96
18-05-05,83.9,84.7,83.25,84.5,84.35,1886022,1588.58
19-05-05,84.7,84.95,84,84.15,84,776353,654.43
20-05-05,84,84.25,83.35,84,83.8,1595744,1336.62
23-05-05,84,84.45,83.6,84.05,84.1,1209699,1016.78
24-05-05,84.5,84.5,83.7,83.7,83.85,1175671,987.89
25-05-05,83.85,84.4,81.25,83.9,84,1253686,1053.82
26-05-05,84.15,84.15,82.05,82.9,82.45,9247144,7656.13
27-05-05,83,84.1,82.8,83.1,83.1,3758918,3133.84
30-05-05,83.9,83.9,82.45,83,82.8,1331274,1103.87
31-05-05,83.8,83.8,82.75,83.75,83.5,1987362,1653.54
01-06-05,83.3,83.9,83.3,83.65,83.55,1578917,1320.08
02-06-05,83.9,84.2,82.2,82.5,82.35,1773982,1469.39
03-06-05,82.35,83.35,82.3,83.2,83.2,2450661,2032.07
04-06-05,83.25,83.5,82.75,83,82.85,275895,228.83
06-06-05,83.4,87.7,83.1,85.7,85.65,12371068,10645.97
07-06-05,87.1,87.1,85.75,86.15,86,3060233,2639.5
08-06-05,86.5,87.1,85.9,86.45,86.55,2891558,2502.85
09-06-05,86.75,87,85.75,85.95,85.9,1986103,1710.16
10-06-05,86.5,86.65,85.2,85.6,85.6,2345354,2013.53
13-06-05,86.4,86.4,84.7,85.05,85,2439855,2082.7
14-06-05,85.9,85.9,82.8,83,83,4818047,4037.77
15-06-05,83.05,84.2,83.05,83.9,83.75,1700237,1426.66
16-06-05,83.85,84.15,82.8,82.95,82.9,1056710,879.61
17-06-05,83.25,83.25,82.5,83,82.95,1964282,1627.25
20-06-05,83.9,83.9,82.55,83,82.95,1424680,1180.64
21-06-05,83,83.25,82,82.8,82.95,1936763,1606.86
22-06-05,83.5,84.95,83,84.5,84.2,4438523,3720.47
23-06-05,84.5,85.7,84.1,84.15,84.35,3911960,3316.41
24-06-05,84.1,86,83.5,85.6,85.55,3592740,3066.53
27-06-05,83.25,86.45,83.25,84.2,84.7,3634790,3112.15
28-06-05,84.85,84.85,82.55,82.75,82.85,2730209,2277.82
29-06-05,83.1,84.15,82.85,84,83.95,2233851,1867.29
30-06-05,84.1,84.6,82.6,83.5,83,5021794,4202.27
01-07-05,83.5,85.7,83.25,85,85,3383480,2871.54
04-07-05,85.8,87.9,85.25,87.1,87.25,6194366,5392.6
05-07-05,88,88.25,85.55,86.2,86.1,5279057,4587.15
06-07-05,86.6,89.8,86.4,89.3,89.3,11077226,9808.9
07-07-05,89.75,90.25,86.5,87.5,87.2,6563226,5828.33
08-07-05,87.95,89.15,87.4,88.5,88.75,3440799,3042.6
11-07-05,89.75,91.25,89.2,90.25,90,6406809,5778.78
12-07-05,90.65,90.7,89.1,90.35,90.25,4112673,3697.63
13-07-05,90.75,91,89.5,89.65,90,3560374,3217.75
14-07-05,90.4,91.9,89,91.1,91.55,6360589,5749.1
15-07-05,90.05,92.25,90.05,91.6,91.95,5634055,5150.08
18-07-05,92.25,92.35,91.5,92.1,91.95,3035758,2793.25
19-07-05,91.1,92.5,91.1,92.1,92,3271612,3008.35
20-07-05,92.5,93.5,91.95,92.45,92.2,2696868,2496.99
21-07-05,92.75,93,90.9,92.25,92.1,6469948,5949.75
22-07-05,82.95,93,82.95,92.3,92.7,2244173,2072.85
25-07-05,92.95,97.9,92.6,97.35,97.25,14646923,13991.8
26-07-05,97.25,97.4,94.5,94.75,94.95,5313989,5085.12
27-07-05,95.35,95.5,93.7,94.1,94.3,2884143,2732.06
29-07-05,95.15,95.85,92.05,94,93.8,12889345,12197.66
01-08-05,94.3,98.7,93.2,98.4,98.4,10006119,9709.15
02-08-05,99,100.25,98.1,98.6,98.95,6530036,6474.24
03-08-05,99.9,99.9,96.5,96.5,96.9,4531829,4431.9
04-08-05,96.9,98,95.8,95.85,96.1,4866405,4710.13
05-08-05,96.25,97.4,95.6,96.4,96.5,3731690,3615.36
08-08-05,96.55,97.25,95.25,97.05,96.75,5111985,4926.12
09-08-05,97.25,98.2,96.5,97.3,97.75,8853558,8647.8
10-08-05,97,98,95,96.65,96.7,4042381,3916.14
11-08-05,97.9,97.9,96.7,97.2,97.05,3551314,3448.41
12-08-05,97.05,97.5,95.7,95.8,96.15,2918173,2808.41
16-08-05,100,100,96.05,96.9,96.95,4910026,4752.94
17-08-05,96.3,97.25,95.75,96.85,96.95,3413843,3302.45
18-08-05,97.25,98.05,96.85,97,97.4,5772397,5617.23
19-08-05,97.7,98,96.25,96.5,96.85,3622405,3523.41
22-08-05,97,97.9,95.9,96.45,96.8,2708682,2623.38
23-08-05,97,97.1,95.7,96.7,96.8,3079420,2977.04
24-08-05,95.7,96.8,93.8,96.05,96.3,3110533,2995.23
25-08-05,96,98.45,96,97.3,96.95,6473196,6288.48
26-08-05,98.1,99.45,98.05,99.2,99.1,5866209,5795.07
29-08-05,99.1,99.85,98.05,99.05,99.1,3180961,3148.54
30-08-05,99.85,102.15,98.85,101.75,101.8,7089753,7159.46
31-08-05,101.8,102.65,100.85,101.6,102.05,4476869,4561.38
01-09-05,102.5,104.25,101.6,103.8,103.9,5176514,5336.3
02-09-05,103.8,104.3,102.5,103.25,103.65,3885627,4025.2
05-09-05,104.15,104.8,103.2,103.55,103.5,3069476,3188.71
06-09-05,103.6,104,102.55,102.75,103.15,1317690,1358.82
08-09-05,102,103.75,101.55,103.35,103.4,3372467,3473.67
09-09-05,103.3,103.3,102.1,102.55,102.65,1433632,1472.71
12-09-05,102.5,103.85,102.15,103.45,103.45,2170096,2242.63
13-09-05,103,103.8,101.85,102.75,103,1275265,1308.97
14-09-05,102.6,105.25,101.75,102.4,102.45,4600724,4766.55
15-09-05,102.95,103.7,101.75,102.1,102.3,1986059,2035.96
16-09-05,102.6,105,102.1,103.7,104.1,5883068,6126.66
19-09-05,104,104.95,102.35,102.6,102.55,3951482,4073.52
20-09-05,102.6,103.95,102.1,103.6,103.6,3381643,3490.25
21-09-05,104,109.15,99,107.2,108,8479518,8911.87
22-09-05,107.5,108.45,102.1,103,102.95,4142246,4341.03
23-09-05,103,105,101.3,102.25,102.3,2803406,2883.42
26-09-05,103,107.35,103,106.7,106.85,2610044,2757.98
27-09-05,107,107.75,104.55,106,105.95,2067354,2194.1
28-09-05,105.55,109.75,105.5,109,109.2,5011499,5444.69
29-09-05,109,109.5,106.25,108.05,107.65,2307191,2487.16
30-09-05,106,108.4,104.75,105.75,105.95,2688280,2850.74
03-10-05,106.95,107,105.3,105.9,105.95,2975820,3153.99
04-10-05,106,107,105.3,106.85,106.6,5865476,6226.45
05-10-05,109,109.15,106.5,107.6,107.95,5517403,5971.44
06-10-05,107,110,106.05,107.6,107.95,7663873,8302.84
07-10-05,108.9,109.75,107.1,107.3,107.4,2709530,2931.2
10-10-05,107.9,108,105.2,105.3,105.6,2544762,2700.66
11-10-05,106.3,106.65,104.5,105.2,105.2,2797673,2945.94
13-10-05,105.3,105.45,102.6,102.95,103.1,1712429,1787.98
14-10-05,105.6,105.6,102.25,102.75,102.65,2688190,2772.26
17-10-05,104.5,104.5,100.3,100.9,101.05,1946699,1975.98
18-10-05,104.5,105,97.5,97.55,98.75,2601179,2620.33
19-10-05,99,100.75,95,97.85,97.7,4091535,4032.3
20-10-05,98,101.8,97.15,98.55,98.6,4309457,4258.75
21-10-05,99,99,94.6,98.2,97.8,5005485,4852.67
24-10-05,98,98.85,96,96.5,97.4,3620284,3541.9
25-10-05,97.65,99.5,96.3,98.7,98.85,3745882,3686.24
26-10-05,97.8,99.15,95.15,96.1,95.9,3484942,3373.07
27-10-05,96.5,98.2,92.75,93,93.8,9982271,9579.17
28-10-05,93.1,94.9,91.8,94.35,94.2,4756899,4438.73
31-10-05,94.35,97.5,94.05,97.25,97.15,2375835,2281.58
01-11-05,98,99.4,96.6,96.8,97.15,590996,575.97
02-11-05,97,98,95.95,97.4,97.5,2039250,1979.39
07-11-05,97.5,100.25,97.45,98.25,98.05,2082434,2042.8
08-11-05,98.8,104.25,98.05,101.9,102.25,10497388,10719.71
09-11-05,102.3,103.55,99.05,99.9,99.85,4477316,4520.04
10-11-05,100.5,101.75,99.6,100.15,100.05,2528558,2541.64
11-11-05,101,104.5,100.6,104,104.05,5693662,5878.83
14-11-05,104.5,105,102.9,103.9,103.95,1315964,1365.41
16-11-05,103.25,104.85,103.25,103.4,103.55,1343686,1396.97
17-11-05,104,104.9,103.25,104.2,104.05,969539,1007.21
18-11-05,104.1,105.5,101.8,102.9,102.5,4595076,4749.81
21-11-05,103.2,105.1,101.2,104,104.1,4701111,4870.96
22-11-05,104.1,104.4,102.5,103.4,103.5,1748508,1814.22
23-11-05,103,104.5,102,102.6,102.8,2041123,2102.09
24-11-05,102,103.95,102,102.65,102.55,1303707,1341.5
25-11-05,102.7,103.8,102.6,103,103.1,1482859,1529.26
26-11-05,103.2,106.6,103.2,105.4,105.75,2247403,2374.67
28-11-05,106.25,107.75,105.75,106.75,107.05,3924169,4191.52
29-11-05,107.5,107.75,104.15,105.1,105.05,1782270,1877.07
30-11-05,105.45,106.45,103.85,104.2,104.25,2019550,2123.53
01-12-05,104.95,105.9,103.7,104.7,104.85,1906589,1993.01
02-12-05,105,106,103.5,104,103.85,1285478,1347.96
05-12-05,101.4,104.9,101,102.8,102.75,1101804,1137.05
06-12-05,103,104.15,102.25,103.25,103.1,2050277,2113.41
07-12-05,103.1,105.3,102.9,104.35,104.35,4054320,4224.01
08-12-05,104.85,104.95,102.8,104,103.6,2286893,2371.36
09-12-05,104.45,105.75,103.65,105.05,105.55,2138937,2248.36
12-12-05,105.75,107.2,104.8,106.4,106.85,3030367,3226.94
13-12-05,106.9,107.7,105.65,106.7,106.9,2475286,2643.81
14-12-05,106.8,109,106,108.35,108.3,3954616,4252.57
15-12-05,108.85,108.95,105.5,105.8,105.85,909158,976.16
16-12-05,106,107.3,105.05,106.6,106.7,2233514,2370.19
19-12-05,107.05,107.1,105.2,105.9,105.95,2015160,2149.23
20-12-05,105.5,111.75,105.5,111.2,110.75,9586621,10523.91
21-12-05,111.9,111.9,109.1,111.5,111.05,4722553,5233.23
22-12-05,111.5,113.5,110.3,113.4,113,5247171,5876.82
23-12-05,113.5,113.9,107.25,107.55,108.1,4211622,4642.3
26-12-05,108,108.25,105.55,105.8,105.9,3219641,3439.82
27-12-05,105.9,108.5,105.1,108.2,108.25,1103891,1187.14
28-12-05,108.5,111.25,107.45,110.2,110.2,3503210,3840.83
29-12-05,110.2,111.6,109.35,110.6,110.15,3969687,4386.09
30-12-05,110.1,112.55,109.1,111.65,112,3236805,3615.42
02-01-06,112.4,112.45,110.5,110.75,111,435719,486.04
03-01-06,111,112.4,110.5,112,112.1,554934,620.07
04-01-06,112.4,115.8,112.25,115.25,115.1,3898055,4472.54
05-01-06,115,117.1,113.1,114.2,114.05,2643348,3041.95
06-01-06,114.5,115.25,113.6,114.1,114.25,904571,1034.8
09-01-06,118,118,113.8,113.9,114.25,5591247,6416.76
10-01-06,114.5,117.25,114,115.8,115.9,3031354,3492.9
12-01-06,117.1,117.8,114.3,116.15,116.45,3487628,4052.63
13-01-06,116.9,117.5,115.1,115.5,115.6,2744768,3200.78
16-01-06,116,116.15,113.25,113.5,113.7,1130709,1294.29
17-01-06,114.25,114.65,110.5,111.1,111.2,3323984,3751.33
18-01-06,111,112,109.25,110,110.2,2405371,2662.73
19-01-06,110.2,113.5,110.2,113.1,113,1302535,1466.88
20-01-06,113.2,114.2,112.2,112.5,112.45,1283354,1451.87
23-01-06,112.25,113.2,111.8,112,112,845996,948.78
24-01-06,113.2,113.65,112,113.65,113.1,2067662,2334.47
25-01-06,113.2,113.9,110.95,112.25,111.95,1581583,1780.03
27-01-06,113,115.75,112.85,113.9,114,4721445,5406.32
30-01-06,116,116,112.55,112.8,112.95,1997142,2270.55
31-01-06,114.1,116.9,113.5,115.1,114.5,11007612,12605.09
01-02-06,115.3,117.5,114.65,116.4,115.9,3693299,4298.54
02-02-06,115.2,116.65,114.6,115,115.1,867101,1000.74
03-02-06,114.9,118.7,114.9,117.95,117.85,3989328,4684.8
06-02-06,118,120.15,118,118.35,118.4,3222525,3839.71
07-02-06,119,120.2,118.9,119.4,119.9,2275574,2724.26
08-02-06,119.9,122.75,119,121.85,122.25,4675143,5672.07
10-02-06,122.25,122.9,120.65,120.9,121.2,3233064,3927.24
13-02-06,121.05,121.05,115.15,119.75,119.95,2136048,2552.18
14-02-06,119.75,120.1,118,118.7,118.5,2624406,3121.5
15-02-06,118.5,124.8,118.5,124,124.1,10116010,12411.84
16-02-06,118.5,125.95,118.5,124.05,124.5,4005749,4978.24
17-02-06,124.75,125.65,121.1,121.5,121.95,4015515,4975.81
20-02-06,122,123.2,121,123,122.8,2739944,3357.66
21-02-06,123,124.65,122.55,123,122.9,2231381,2756.22
22-02-06,123,130.9,122.75,129.8,129.65,5809257,7359.25
23-02-06,129.7,134.8,128.4,131.45,131.2,11382169,15053.34
24-02-06,131,134.3,131,132.6,132.7,3514243,4658.65
27-02-06,133.5,134.05,132.2,133.75,133.65,4038916,5377.61
28-02-06,134.05,135,130,130.75,131.15,5820153,7728.68
01-03-06,132.5,133.5,130.55,133,133,3394938,4485.44
02-03-06,133.5,135.75,131.25,131.65,132.35,5797482,7760.34
03-03-06,132,133.65,130.65,131,131.1,2824970,3723.84
06-03-06,132,137.15,132,136.25,136.1,7294771,9859.43
07-03-06,136.5,139.8,136.5,137.9,138,7324221,10124.11
08-03-06,137.4,138.55,133.05,134.2,134.1,6238835,8512.05
09-03-06,134.5,136.5,133,135.7,135.8,2158898,2919.08
10-03-06,136.8,138.35,136.1,137.2,136.95,2214535,3037.74
13-03-06,137.9,142,137.05,139.75,139.4,4262144,5960.28
14-03-06,140.1,141.25,137,138,137.9,2543930,3541.48
16-03-06,140,140,135.15,136.25,135.95,4326007,5916.72
17-03-06,135.1,138.9,135.1,137.6,137.25,2284235,3140.8
20-03-06,138,138.9,137.15,137.9,137.7,2909472,4008.81
21-03-06,138.25,140.8,137.75,138.25,138.15,4089278,5699.58
22-03-06,138,138.3,136.35,137,137,4821735,6616.95
23-03-06,138,138,134.9,135.2,135.75,5058398,6912.4
24-03-06,136.5,137.25,135.05,135.2,135.55,3770222,5134.3
27-03-06,137.35,137.9,136,136.75,136.85,2762042,3787.78
28-03-06,137.8,137.8,135.3,135.8,135.8,2901898,3969.8
29-03-06,136,136.5,134.7,135.35,135.25,1550061,2098.63
30-03-06,135.5,136.45,132.5,133,133.05,3853897,5154.3
31-03-06,133.6,135.85,133.5,134.25,134.1,4505945,6075.22
03-04-06,135.85,137.25,135,135.5,135.4,4129290,5608.09
04-04-06,136,138.55,136,136.9,136.8,7042477,9656.71
05-04-06,138,139.7,137.15,139,138.95,3695003,5123.7
07-04-06,140,142.6,137,137.65,137.85,9743689,13615.15
10-04-06,142.6,142.6,136.25,137.1,136.95,3414642,4682.1
12-04-06,138,140.1,135.6,135.65,136.3,5902524,8146.57
13-04-06,137,139.6,127.5,137.15,137.95,7483996,10102.38
17-04-06,138.1,140,137.6,138.15,138,10580214,14659.72
18-04-06,138.5,140.45,138,139.65,139.6,3292916,4582.33
19-04-06,140,144.25,140,142.5,142.7,6121717,8718.64
20-04-06,140.55,144.9,138.2,138.8,139.2,7128952,10086.78
21-04-06,139.15,140,134.85,135.95,135.95,3263332,4455.16
24-04-06,136,137.35,133.5,133.65,134.05,5235218,7057.1
25-04-06,133,134,127.8,128.5,128.5,7086773,9262.45
26-04-06,130.9,131.7,128.7,131.15,131.1,2696671,3524.11
27-04-06,131.7,132.7,129,129.6,129.4,4636741,6058.25
28-04-06,128.35,136.5,121.1,136,135.8,5648788,7455.63
29-04-06,136.1,137.35,135.7,135.85,136.05,818863,1116.08
02-05-06,135,139,134.6,135,135.05,2002523,2723.37
03-05-06,136.2,136.8,134.45,135.25,135,2371004,3214.26
04-05-06,136,136.9,131.9,132.6,132.55,2591708,3470.25
05-05-06,133,134.8,132.2,132.75,132.5,1566588,2085.41
08-05-06,133,133.95,130,131,130.55,7862798,10311.14
09-05-06,132.5,132.5,128.05,129.6,129.4,11157944,14464.74
10-05-06,131,131.95,129.2,129.75,129.6,6997500,9127.89
11-05-06,131.05,131.45,128.5,129,129.1,2398641,3120.58
12-05-06,129,132.25,127.5,131.35,131,4885801,6390.63
15-05-06,131,132.5,126.65,127.6,128.7,3840230,4971.67
16-05-06,129.75,132.6,121.1,132.25,131,7823445,9925.28
17-05-06,131.9,133.9,129.8,131,130.55,4713612,6167.05
18-05-06,129.8,129.8,122,122.8,123.75,5073203,6384.84
19-05-06,127,129,114.55,122.5,118.2,5100281,6158.56
22-05-06,122,122.85,85.1,112.3,111.55,11434902,12544.86
23-05-06,113,119,102.1,116.7,117.15,5490507,6285.63
24-05-06,117,123.4,114.5,118.55,118.85,10887511,12936.9
25-05-06,119,124.5,114,116.85,117.8,3782606,4449.96
26-05-06,117.5,121.1,116.1,117.15,117.25,5600855,6642.33
29-05-06,114.05,118.9,113.3,114.2,114.2,3711365,4290.5
30-05-06,115,115.8,113.55,114.85,114.8,1888792,2170.78
31-05-06,110,113.95,110,112.6,112.4,4049940,4520.6
01-06-06,113.5,114.5,108.5,110,109.95,3735203,4167.85
02-06-06,104,112.25,104,109.85,109.95,4816656,5291.46
05-06-06,112,113.5,110,110,110.65,3141961,3507.32
06-06-06,109,109.9,104.55,105,105.6,5302921,5644.18
07-06-06,104.55,106.45,100,100,100.2,5513147,5594.97
08-06-06,100,106.9,96,99.9,100.15,11422661,11479.73
09-06-06,99,111,99,109.25,108.6,6494070,6965.5
12-06-06,110.5,110.5,105,108.5,107.25,1946287,2081.61
13-06-06,105,105.25,102.5,102.8,103.75,3246381,3371.68
14-06-06,104.4,108.5,99.75,101.25,100.8,3327611,3404.97
15-06-06,104.7,106.25,102.05,106,105.6,2427984,2526.96
16-06-06,112,112,106.25,110.75,109.55,3118860,3426.9
19-06-06,112,113.9,107.05,113,112.6,2789526,3081.31
20-06-06,108.25,112.9,108.25,112.45,111.75,1759504,1963.13
21-06-06,110.7,114.6,110.5,113.95,113.8,2780810,3163.66
22-06-06,114.25,117.4,114.25,117.4,116.85,1884495,2186.09
23-06-06,116,116.45,114.25,115.1,115.1,1433280,1649.61
25-06-06,116.9,116.9,114.55,114.55,115.35,149153,172.43
26-06-06,115,115.9,108.2,108.7,109.75,875713,981.6
27-06-06,110,111,106.3,108.15,108.2,1478362,1599.79
28-06-06,108,110.5,105.1,108.6,108.75,912281,989.36
29-06-06,108.2,110.9,105.6,107,107.05,2948278,3162.94
30-06-06,109.7,112.35,109,111.15,110.9,2259954,2499.8
03-07-06,112,113.35,110.25,111.3,111.5,3276059,3662.85
04-07-06,112,116.3,112,115.8,115.4,3852128,4397.12
05-07-06,115.5,116,113.5,115.45,115.65,1976455,2278.01
06-07-06,115.65,115.65,113.05,114.75,114.8,979400,1124.36
07-07-06,114,117.45,114,115.6,115.5,3272478,3806.31
10-07-06,115,117.9,114.45,117.6,117.35,1681266,1959.92
11-07-06,117.5,118,116.3,116.75,116.9,710021,829.59
12-07-06,116.3,118.8,113.65,118.1,118.2,2049346,2392.96
13-07-06,118.8,118.95,116.25,118.05,117.95,687045,807.56
14-07-06,116.7,118.75,115.25,118.15,118.35,1660572,1942.66
17-07-06,117,117.9,111.7,114.1,113.5,1788749,2054.99
18-07-06,114,116,112.5,112.5,113.1,1764432,2001.62
19-07-06,114,114.85,109.3,112,111.05,1869366,2079.17
20-07-06,113.8,114.6,111.6,113.55,113.65,1017701,1152.12
21-07-06,113,113.5,107.1,108,107.75,1975663,2155.63
24-07-06,107.6,108.5,104.4,107.65,107.2,1635202,1743.77
25-07-06,108.2,111.65,108.2,110.35,110.55,2012149,2226.6
26-07-06,108,112,108,111.65,111.7,652025,724.87
27-07-06,113,115.45,112.1,114.15,114.45,3361011,3839.02
28-07-06,114.9,115.45,113.2,114.8,114.9,1262660,1444.59
31-07-06,115.45,116.95,114.55,115.25,115.25,656807,762.17
01-08-06,115.25,116.75,114.65,116,116,848028,982.31
02-08-06,116.75,120.9,116,120.4,120.4,5358992,6414.58
03-08-06,121.5,123.75,119.55,119.7,120.65,2607882,3181.52
04-08-06,121,122.65,118.1,119.75,119.8,1537483,1849.32
07-08-06,120,121.5,118.75,120.95,120.65,989042,1194.02
08-08-06,120.5,122.15,120.5,121,121.25,661935,804.41
09-08-06,121,122.25,120.5,121,121.1,1110456,1348.45
10-08-06,121.1,122.7,121,121.3,121.45,1448794,1763.83
11-08-06,121,125,120,124,124.3,1898453,2346.27
14-08-06,126,126.45,124.5,125.25,125.15,1034545,1298.42
16-08-06,126.4,126.95,125.05,125.25,125.8,1441409,1817.15
17-08-06,126.4,127,124.3,124.6,124.8,1042683,1307.66
18-08-06,126,126.15,124.1,124.85,125,1390190,1741.12
21-08-06,124.5,125.9,123.6,124.1,124.2,662076,822.39
22-08-06,124.25,125,122.25,122.5,122.8,1286752,1591.54
23-08-06,123,124.7,122.5,123.9,124,1914923,2373.96
24-08-06,123.95,127.5,123.05,126,126.05,2351562,2939.91
25-08-06,127.1,127.7,124.6,124.6,125.1,1500273,1887.01
28-08-06,125.2,125.75,124.25,124.65,124.75,1050768,1314.54
29-08-06,125,128.25,124.25,126.85,127.35,4789635,6081.62
30-08-06,127.45,127.45,124.55,125,125.2,1459609,1832.83
31-08-06,126,126.9,123.85,124.6,124.25,1612841,2014.79
01-09-06,124.5,126.7,124.05,125.45,125.9,1135705,1427.75
04-09-06,126.5,128.6,126,126.75,126.85,2005256,2552.08
05-09-06,127,128,125.45,126.15,125.95,628169,791.52
06-09-06,125.95,127.6,125.45,126.4,126.35,667716,846.7
07-09-06,126.8,126.8,125.3,125.7,125.65,539069,678.48
08-09-06,125.95,126.5,124.4,125,125.1,762394,955.29
11-09-06,125.25,125.95,120.05,120.8,120.8,887528,1092.83
12-09-06,120.5,124.5,116,124.2,123.95,1603061,1950.22
13-09-06,124.5,130.75,124.5,129.6,129.3,3517461,4511.71
14-09-06,130,130.85,126.9,128.5,128.6,3535460,4539.51
15-09-06,128.9,129.5,126.15,127.35,127.4,1435285,1834.47
18-09-06,128,129.45,126.75,129.2,128.95,1867572,2391.57
19-09-06,129,131.15,126.55,126.55,127.6,4001504,5193.77
20-09-06,120,130.1,120,130.05,129.95,2507257,3240.64
21-09-06,130.25,131.5,129.05,129.25,129.7,1960627,2552.55
22-09-06,129.7,130.5,128.15,129.4,129.05,1170297,1512.46
25-09-06,129.05,129.75,126.3,126.5,126.95,1607303,2063.36
26-09-06,127,128.1,126.3,127.3,127.45,991449,1261.52
27-09-06,128,129.5,127.1,127.35,127.6,2003763,2560.26
28-09-06,128,128.9,126.8,127.5,127.35,2030334,2589.27
29-09-06,129.5,130.75,127.65,130,130.1,3057841,3970.71
03-10-06,130.75,133.9,129.25,133.35,133.25,1775850,2346.01
04-10-06,132,134.5,129.5,130,130.05,3083529,4049.53
05-10-06,133,133,130.5,131.1,130.95,649000,852.36
06-10-06,131.1,132.45,130.5,130.75,130.75,661314,869.36
09-10-06,130.5,131.5,128.55,129.55,129.55,704748,918.45
10-10-06,130.1,133.95,130,132,132,3125359,4140.49
11-10-06,133,133.35,129.65,130.15,130.15,2476336,3268.32
12-10-06,131.1,131.25,129.1,130.65,130.45,2780012,3626.53
13-10-06,132.9,132.9,129.8,130.15,130.1,1265454,1658.09
16-10-06,130.25,132.35,130.25,130.8,131.15,3027080,3975.99
17-10-06,131.3,131.3,127.5,128.25,128.5,1705719,2199.89
18-10-06,128.9,129,126.65,127.1,127,1267214,1617.14
19-10-06,127.5,128,125.2,125.4,125.8,2321864,2932.04
20-10-06,126.1,127.35,125.85,126,126.15,1014910,1283.19
21-10-06,127,127,126,126.3,126.45,172922,218.58
23-10-06,127,127,125.1,125.5,125.65,2536637,3191.04
26-10-06,126,127.45,125.7,126.9,126.6,2232261,2829.03
27-10-06,127,129.5,127,129.3,129.3,1816552,2338.35
30-10-06,129.05,130.3,128.05,129.9,129.85,1045036,1352.58
31-10-06,130.3,130.95,129.15,129.6,129.6,1200699,1560.73
01-11-06,130,130.95,129.45,130.35,130.35,1188095,1544.62
02-11-06,130,132,129.2,129.7,129.55,753476,981.56
03-11-06,130.5,132.1,129.55,132,131.65,1144559,1497.64
06-11-06,132.1,133.75,130.75,133.5,133.4,2537284,3361.14
07-11-06,134.05,134.45,130.5,130.5,131.05,921110,1213.5
08-11-06,131.05,132,127.4,129.25,128.4,987972,1271.2
09-11-06,129,130,127.05,129,128.75,2014791,2614.05
10-11-06,129.9,130.95,128.3,130.5,130.6,1002698,1304.68
13-11-06,130.5,138.7,130.25,138.15,137.95,7272392,9886.14
14-11-06,139,139.4,133.75,134.75,135.15,3728819,5058.1
15-11-06,135.15,137.4,133.25,133.3,134.2,2181668,2943.97
16-11-06,134,136.85,132.65,135.2,135.3,2859653,3870.68
17-11-06,137,148,136.3,140.1,139.05,10065570,14066.25
20-11-06,139,140.1,133.4,135.65,135.5,5655941,7658.45
21-11-06,138,139.15,136,139,138.55,2671226,3678.52
22-11-06,139.25,140.75,138,140.15,140.25,2515187,3503.56
23-11-06,141,143.9,139.5,142.35,142.35,3719528,5294.84
24-11-06,133,151,133,149.35,150.15,8434438,12499.15
27-11-06,150,157.9,150,153.55,153.9,8404673,12991.64
28-11-06,153.5,156.1,148.65,149.65,149.9,12177354,18468.51
29-11-06,151,153.4,148.3,148.6,148.85,4702295,7069.81
30-11-06,149,152,145.5,148.55,146.95,5383106,7963.15
01-12-06,149,149.9,147.75,148,148.1,2440747,3630.38
04-12-06,149,152,147.55,151.95,150.95,3622318,5453.69
05-12-06,152,152.8,149,149.75,149.6,2177745,3285.18
06-12-06,150.4,151.45,147,148,148.05,2055663,3063.21
07-12-06,149.6,152.75,147.6,151.5,151.65,2822134,4253.34
08-12-06,152.3,154.5,151.1,151.4,152,5734430,8770.33
11-12-06,153.2,153.2,140.1,141.25,142.75,6442356,9395.69
12-12-06,142.7,143.85,131.65,137,136.2,6653636,9243.21
13-12-06,137,141.25,132,141.2,140.2,5459178,7501
14-12-06,142.4,147.2,141,145.3,145.35,4886633,7067.93
15-12-06,146,147.7,142.2,143.6,143.1,4623880,6679.38
18-12-06,144.2,144.95,139.25,140.75,140.75,8149346,11484.08
19-12-06,141,141.75,132.75,133.35,134,10523213,14345.76
20-12-06,135,136.9,132.25,133.65,133.8,4472601,6027.61
21-12-06,134.4,134.8,131.55,133.35,133.35,3234832,4321.74
22-12-06,134,134.95,132.7,133.75,133.95,2545671,3413.33
26-12-06,134.6,137.4,134,137.2,137.05,3555824,4856.84
27-12-06,138.25,139,136.05,137.2,137,2911998,4011.13
28-12-06,137,137.95,135.1,136,135.8,5622002,7654.39
29-12-06,136.8,137.7,135.2,137,136.5,2528023,3442.89
02-01-07,137.8,138.4,136,138.1,138,1531984,2110.96
03-01-07,139,140.8,138.3,138.9,138.95,2490682,3475.26
04-01-07,139.5,139.9,136.4,136.55,136.95,2138929,2959.55
05-01-07,136,138.75,135.5,138.15,138,1980587,2732.86
08-01-07,136.9,137.7,134.55,136.9,136.9,3200596,4371.03
09-01-07,136.8,138.25,134.8,135.3,135.15,1959352,2681.37
10-01-07,135.6,135.6,131.55,133,132.75,6299154,8388.95
11-01-07,133,138.4,132.25,137.75,137.3,3634625,4924.16
12-01-07,138,139.95,138,138.85,138.65,2564987,3564.73
15-01-07,139.8,139.9,138,138.55,138.5,1328621,1842.04
16-01-07,138.3,139.45,137.4,137.85,137.85,778291,1074.03
17-01-07,138,140.5,137.3,139.85,139.5,1405429,1960.49
18-01-07,140,142.5,138.5,139.35,139.6,2813813,3951.58
19-01-07,140.3,140.5,137,139,138.25,2413908,3334.18
22-01-07,139,139.4,138.05,138.45,138.5,1123145,1556.67
23-01-07,138,139.25,134.1,135.5,135.05,2308283,3167.39
24-01-07,136,137.5,135.6,136,136.2,1000154,1364.15
25-01-07,136.2,139.05,136.2,137.85,137.4,3175270,4371.34
29-01-07,137.5,144.25,137.5,142.85,142.6,5354250,7609.68
31-01-07,144.4,145.75,140.75,141.5,142.05,5614462,8049.42
01-02-07,143,146.25,141.25,146.15,145.7,2691398,3878.83
02-02-07,146.8,146.8,142,142.95,142.4,3379093,4879.63
05-02-07,143,143.85,140.8,141.35,141.25,2100268,2976.24
06-02-07,142.4,143.6,140.75,141.05,141.25,2086577,2962.65
07-02-07,141.5,143.9,140.1,142.7,142.95,3054677,4360.13
08-02-07,142.7,145.2,141.85,143.05,142.75,4023125,5773.52
09-02-07,140.25,146.5,140.25,144.95,145.1,5106324,7372.26
12-02-07,145.5,145.8,139.65,144.15,144,5890031,8443.1
13-02-07,144,147.3,142.55,144.55,144.85,3541041,5143.82
14-02-07,144.1,145.2,141,144,144.15,2234389,3208.6
15-02-07,145,146.45,140.75,142.25,142.35,4801541,6875.07
19-02-07,143,143.95,141.5,141.8,141.95,1449365,2065.58
20-02-07,142.1,143.15,140.5,142.4,142.05,1886101,2676.85
21-02-07,142.4,143.75,140.9,142.65,142.55,2508253,3567.91
22-02-07,141.5,144.05,141.45,144.05,142.55,4855426,6920.15
23-02-07,142.8,143.9,140.7,142,142.15,3741047,5329.13
26-02-07,141.1,143.5,141,142.5,142.35,2027020,2881.69
27-02-07,142.8,144,141.75,142.05,142.5,1411186,2017.61
28-02-07,136.3,143.2,135.7,139.3,139.9,7264453,10205.76
01-03-07,139.9,142.4,137.5,142.15,142.05,2367417,3308.81
02-03-07,140,142.4,140,141,141.45,4199148,5941.86
05-03-07,132,139.95,129,135.25,136.8,10235873,13707.67
06-03-07,137,139,131.15,132.55,132.95,7591076,10193.58
07-03-07,133,135.5,131.75,132,132.4,3504340,4681.35
08-03-07,131.1,136.9,131.1,136.75,136.05,1172833,1568.93
09-03-07,137,141,134.25,139.8,140.05,3984395,5547.54
12-03-07,140.7,143.25,138.6,139.25,139.35,2502619,3509.67
13-03-07,140,142.95,139.45,142.5,142.45,1133483,1604.64
14-03-07,132.05,139.9,132.05,138.55,138.95,2637265,3656.91
15-03-07,139.95,141.5,139.5,139.5,140.5,1038665,1456.56
16-03-07,139.9,141,138.4,140,140.4,1042553,1457.06
19-03-07,141.65,145,139.75,143.8,143.75,1444559,2062.93
20-03-07,143.1,145.3,142.25,142.6,142.95,1408594,2021.43
21-03-07,144.6,144.9,142.5,143.2,143.7,1082974,1555.69
22-03-07,144.7,144.85,143.3,144.3,144.2,1930912,2781.79
23-03-07,143.35,146.5,143.2,144.7,145,1384938,2005.4
26-03-07,145,145.85,142.25,143.1,143.35,719674,1032.77
28-03-07,143,143.85,140.4,142.25,143.25,1403581,1996.65
29-03-07,142.9,146.5,141.5,146.25,145.5,3420663,4932.67
30-03-07,146,151.5,145,150,150.25,3659784,5483.31
02-04-07,148.45,148.9,145.55,146,147,1312634,1937.52
03-04-07,147.1,155.9,147,153.7,153.95,5163662,7885.85
04-04-07,154,162.25,153.95,160.95,161.15,11974436,19089.12
05-04-07,161,162.75,157.1,157.95,158.7,8623110,13761.5
09-04-07,159,161.7,158.35,159.5,159.2,2552443,4083.43
10-04-07,160,160.85,156.5,157.7,157.75,3651531,5761.68
11-04-07,158,161.3,156.6,159.5,158.5,4387365,6952.76
12-04-07,158.9,161.2,156.65,160.25,159.9,4296338,6832.25
13-04-07,157.2,161.7,156.3,157.3,157.4,3579928,5658.42
16-04-07,159.8,160.6,157.8,158.85,158.75,2618839,4158.41
17-04-07,159.25,160.3,142.1,156.95,157.1,2433059,3855.92
18-04-07,157,163.5,157,161.85,162.05,5464347,8845.93
19-04-07,161,163.75,159,159.6,159.95,4412708,7096.36
20-04-07,160.05,161.8,159,159.9,160.05,2081553,3340.52
23-04-07,160,162.95,158.35,158.6,159.35,2324202,3735.55
24-04-07,158,161.45,157.55,158.65,158.25,3695706,5903.88
25-04-07,158.95,159.2,156.15,156.95,156.9,2471894,3889.1
26-04-07,158,160.4,154.5,160,158.1,4402035,6910.95
27-04-07,160,160.9,157.7,158.55,159.4,2058418,3280.32
30-04-07,159,160.7,157.15,159.6,159.8,1131598,1801.15
03-05-07,160.8,162.5,158.75,159.15,159.2,1923423,3083.93
04-05-07,158,160.5,156.8,158.2,158,1486860,2354.89
07-05-07,159,159.2,155.35,155.85,155.9,840502,1323.22
08-05-07,155,157.3,154.05,154.6,154.6,1113133,1736.7
09-05-07,150.05,156.25,150.05,154.7,154.2,792782,1222.91
10-05-07,154.6,156.2,150.5,151.45,151.1,2185971,3361.73
11-05-07,152,155.5,148.35,155.25,154.9,1123494,1719.26
14-05-07,155.75,158.75,155.75,156.6,156.95,1683175,2644.05
15-05-07,157,157.5,155.1,156.05,156.05,750914,1171.02
16-05-07,156.25,159.4,156,157,156.75,2538574,3995.21
17-05-07,158.4,159.35,157,158.8,158.85,5020131,7962.49
18-05-07,158.85,159.25,155.1,155.95,155.75,2935851,4628.2
21-05-07,156,157,153.8,155.5,156.25,6385089,9887.83
22-05-07,156,157.2,153.4,154.65,154.85,5045895,7809.36
23-05-07,155.8,156.85,154,156.75,155.6,1138671,1766.62
24-05-07,156.25,163,156,161.85,162.3,5001346,8007.17
25-05-07,160,164.8,160,163.2,163.7,3995681,6536.77
28-05-07,165,166.45,161.55,162,162.5,2568372,4224.21
29-05-07,163,163.9,160.25,161,160.75,1223967,1979.42
30-05-07,161,164.7,159.55,160.3,160.3,2441436,3969.05
31-05-07,160.5,162.85,156.75,159.25,158.5,2272571,3603.11
01-06-07,161.4,161.4,157.85,159.4,158.4,2543127,4071.73
04-06-07,160,162.45,158.8,160.6,160.65,1843579,2953.51
05-06-07,160.6,160.75,158.5,159.5,159.6,642002,1024.03
06-06-07,165,165,154.2,156,155.75,3440490,5489.75
07-06-07,155.1,157.4,153.5,155.5,155.45,2373585,3684.21
08-06-07,154.4,154.9,152,154,154,951896,1464.27
11-06-07,155,155.9,153.9,155.15,154.65,2563435,3965.35
12-06-07,154.65,155.75,152.1,153.15,153.15,1122905,1718.71
13-06-07,153.9,154.6,152,152.6,153.2,3327863,5108.86
14-06-07,153.2,154.75,152,153.95,153.6,1990775,3062.53
15-06-07,154,155,150,150.8,150.75,5384643,8147.89
18-06-07,152,152.9,149,149.5,149.4,2575114,3868.88
19-06-07,149.9,151.8,149.25,151.4,151.2,2015434,3040.49
20-06-07,152.4,158.5,150.05,151,150.65,2112238,3191.59
21-06-07,151.4,152.5,149.5,149.65,149.8,2798154,4209.38
22-06-07,151,153.45,151,152.6,152.75,1976885,3019.47
25-06-07,153,153.95,152.3,153.4,153.4,1070772,1639.83
26-06-07,153,154.35,152.75,153.65,153.65,980148,1505.16
27-06-07,153.15,154,149.85,150.1,150.35,1320032,2003.28
28-06-07,151.4,152.9,150.3,151.2,151,2527538,3821.1
29-06-07,151.1,154,151.1,152.55,152.8,1285911,1961.69
02-07-07,152.8,153.8,151.9,152.1,152.05,1265401,1931.37
03-07-07,154.55,154.85,151.45,152.1,151.9,1264013,1924.06
04-07-07,153.4,156.3,151.95,155.9,155.4,2163860,3337.9
05-07-07,156.6,157.45,151.6,153,152.9,2502383,3839.28
06-07-07,153,156.25,153,154.5,155.15,3359844,5181.49
09-07-07,155.15,158.2,154.65,157,157.15,3018762,4737.34
10-07-07,158,158.2,155.1,155.35,155.9,1554430,2425.84
11-07-07,156,156,153.3,155.1,154.85,2248984,3474.69
12-07-07,155.2,157.4,155.05,157.4,156.9,1917612,2999.01
13-07-07,155.15,159.4,155.15,157,157.1,2598966,4103.89
16-07-07,158,158.2,154.1,155.05,154.95,3173506,4936.14
17-07-07,155.65,159.6,154.7,155.15,155.1,3677312,5754.48
18-07-07,155,156.2,153.5,155.6,155.75,1157209,1795.33
19-07-07,155.75,157,154.4,157,156.25,1480066,2298.33
20-07-07,157,160.1,153.95,155,154.75,4548427,7114.38
23-07-07,155,158.2,152.8,157.6,157.85,3650514,5730.49
24-07-07,158.6,166.35,158,164,163.65,9194235,15038.32
25-07-07,163.65,169.5,161.2,167.75,167.65,7559358,12640.89
26-07-07,170,170.5,166.3,167.8,168.15,3567917,6007.97
27-07-07,167,167,160,161,161.25,2781914,4523.59
30-07-07,161.1,163.9,160.75,163.3,163.2,3300927,5373.82
31-07-07,165,168.8,161.6,165.65,165.8,5229876,8635.86
01-08-07,164.2,164.2,159.55,160.95,160.35,2843735,4578.35
02-08-07,161.1,165.55,159.05,162,162.35,2230084,3631.66
03-08-07,164.45,168.35,163.3,165.8,165.9,2811167,4662.37
06-08-07,161,165.45,160.4,163.75,163.55,3983586,6513.99
07-08-07,164.8,167.9,164.8,166.5,166.75,2517541,4198.49
08-08-07,168.5,173.55,167,171.5,170.95,8821284,15139.25
09-08-07,173.5,175.9,168.3,168.7,169.7,6961341,12032.53
10-08-07,165.1,166.5,162,165,164.85,2435951,4008.88
13-08-07,167.45,169,166.05,168.45,167.95,1184135,1987.41
14-08-07,168,176.6,168,172.75,172.7,6888324,11966.65
16-08-07,165.05,170.25,165.05,167.2,168.1,4494753,7589.93
17-08-07,167,169.5,158.15,163,162.65,8188813,13377.85
20-08-07,165,169.95,163.1,163.5,163.85,3169767,5217.79
21-08-07,164,166.9,159,159.05,159.65,4043111,6595.33
22-08-07,160,162.25,156.1,161.55,160.9,4587708,7315.71
23-08-07,164.6,164.6,158.2,161.35,160.2,1824148,2951.06
24-08-07,161,164.1,159.6,163.9,163.8,1390863,2251.11
27-08-07,165,169.8,165,167.9,168,3562469,5980.71
28-08-07,169.6,169.6,166.4,167,167.4,1629227,2733.55
29-08-07,163.6,166.5,163.6,164.9,165.25,1378406,2277.71
30-08-07,166,168.1,163.35,166.1,166.4,5552818,9215.64
31-08-07,167.9,174.9,165.7,173,173.35,4641865,7995.1
03-09-07,174,187.9,172.5,184.25,185.35,7726763,13987.2
04-09-07,187.4,187.4,180.75,181.05,181.25,4345139,7941.87
05-09-07,183.8,188.65,181.5,185,185.6,9019092,16821.33
06-09-07,183.9,187,183.3,186.6,186.2,2327975,4317.26
07-09-07,186.9,191.2,184.65,187.4,187.05,3626609,6829.18
10-09-07,185,192,184.9,191.85,191.1,2891019,5499.07
11-09-07,192.8,197.5,189.05,197,196,5896133,11402.81
12-09-07,196,197.4,189.55,189.8,190.45,5102080,9852.8
13-09-07,191.45,192.9,189,191.65,191.95,3621836,6922.51
14-09-07,193.5,195,184.55,186.1,185.75,3803261,7205.85
17-09-07,189,189,181.3,182.85,183.55,3736884,6874.75
18-09-07,183.05,186,182,185.1,184.6,13519166,24919.23
19-09-07,189.5,190.95,186.45,190,189.4,6296058,11845.17
20-09-07,191.5,194.6,187.4,187.8,189.5,4832571,9241.5
21-09-07,188.7,189.5,182,184,187.35,31688256,59240.03
24-09-07,186.8,198,186,196.15,196.45,16461772,32017.98
25-09-07,196,200,191.8,192.7,194.45,10059598,19605.4
26-09-07,194.95,197,190.2,191.2,191.5,8379866,16271.38
27-09-07,192.8,194.95,189.25,193.95,193.95,10248507,19760
28-09-07,194,196.75,192.7,194.55,193.95,6175569,12008.75
01-10-07,195.25,208.75,194.65,206.95,206.5,11070804,22505.19
03-10-07,208.6,223.7,202.55,217.25,216.8,23783366,51278.61
04-10-07,220,228.25,213.15,228.2,226.35,17925542,39999.82
05-10-07,230,231,212.55,213.3,214.45,9994769,22083.67
08-10-07,215,218.85,201.1,204.8,204.9,7436975,15353.62
09-10-07,202,220,196.2,218.4,218.15,9972911,20954.38
10-10-07,220,223.9,210.6,218.55,219.3,9698961,21274.9
11-10-07,220,223.5,218.1,222.5,222.55,7207773,15927.03
12-10-07,223.4,225.55,215.6,218,217.65,9640900,21227.09
15-10-07,219,228.55,216.8,226.5,227.4,12690695,28538.07
16-10-07,227.9,235,223.55,232.2,231.5,20576634,47308.91
17-10-07,224,224,201.65,218.9,220.45,19203256,41697.04
18-10-07,221.95,230.9,203,203.9,208.35,17691397,39325.73
19-10-07,213,213,199.1,201.4,201.55,9063197,18466.01
22-10-07,195,203.4,192.15,199.85,199.6,6479222,12974.19
23-10-07,206.9,220.5,201,220,218.8,10072243,21333.08
24-10-07,223,225,215.65,222.4,222.15,10278689,22711.25
25-10-07,224.15,225,219.6,220.9,222.55,11253994,25011.46
26-10-07,223.5,231,220,228.9,228.9,9034225,20550.52
29-10-07,233,240,231.4,233.2,233.25,9212644,21725.28
30-10-07,235,239,229,234.85,234.25,8467725,19858.08
31-10-07,236,243,234,239.05,238.9,9204912,22111.49
01-11-07,242.95,244.7,228.2,234.95,230.15,6777101,16070.98
02-11-07,229,236.9,221.05,234.5,234.85,8464797,19759.19
05-11-07,235.9,242.9,234.15,236.65,237.05,8544828,20400.36
06-11-07,239.1,249,236,241.25,240.25,18897187,45994.27
07-11-07,241,246.1,234.3,240.65,240.75,7551924,18207.67
08-11-07,235,244.9,235,240.3,240.1,5631063,13551.77
09-11-07,249.85,249.85,237,237.95,241.15,1786006,4324.24
12-11-07,237,257.5,234.75,257,253.45,11978142,29343.12
13-11-07,253,278.7,253,274.15,272.15,23130030,61612.25
14-11-07,278,282,271.15,277.05,277.55,13748390,38068.39
15-11-07,279,283.3,267.6,268.55,269.4,15701287,42734.43
16-11-07,267.45,273.65,263.25,265.2,264.4,8487815,22727.1
19-11-07,266.5,272,263.6,264.9,264.9,7470364,19955.05
20-11-07,269.8,269.8,258.55,260.6,259.85,7114182,18777.33
21-11-07,236.4,260.8,236.4,238.9,239.4,9685721,24008.16
22-11-07,239,242.8,219.55,230.95,227.3,19055622,43415.72
23-11-07,232,238.7,229.25,235.9,236.75,10579773,24848.82
26-11-07,236.3,244.3,235,239.2,238.7,8733317,21019.06
27-11-07,237.9,239,233,234.95,235,7044728,16552.76
28-11-07,236.9,241.5,229.05,229.5,230.85,8164066,19365.57
29-11-07,233,238.2,225.2,230.85,231.25,14601839,33861.62
30-11-07,231.2,239.5,230.05,237.65,236.65,17003518,40052.83
03-12-07,238,243.45,238,239.75,240.2,7723534,18604.42
04-12-07,241,243.9,238,239.85,239.15,7146147,17196.26
05-12-07,240.5,246.2,240,245.1,245.1,16193792,39376.4
06-12-07,249,253.85,242.55,245.3,245.2,13817843,34472
07-12-07,247.5,251.4,238,245.95,245.8,10129215,24688.28
10-12-07,247.7,247.7,240,241.25,241.25,4652408,11248.57
11-12-07,243,248,241.75,242.4,243.55,6703644,16414.94
12-12-07,243.55,252,238,251.25,251.15,10000548,24664.96
13-12-07,253,253.25,242,245.5,245.75,5535059,13731.79
14-12-07,245.75,250,243.35,246.9,246.85,5389484,13364.08
17-12-07,245.5,246.9,225,229.8,228.1,7518666,17671.93
18-12-07,229,235,226.5,232.4,231.8,6323675,14663.28
19-12-07,235,236.95,225,229.35,228.9,6178064,14238.37
20-12-07,231,231.9,226.8,229.9,228.85,5686935,13019.15
24-12-07,232,238,232,236.35,236.65,4338655,10196.6
26-12-07,239,244.95,237.1,239.5,239.65,4569106,10922.92
27-12-07,241.15,242,236.6,241.5,240.2,6987682,16731.77
28-12-07,241,245,238.3,241.4,241.4,4738391,11450.68
31-12-07,244,252.8,241.9,251.5,250.9,6660592,16515.35
01-01-08,253,259.9,249.3,258,257.45,9181193,23413.25
02-01-08,259,260.6,250.5,257.1,257.1,9911777,25318.44
03-01-08,257,278.25,254.25,274.3,276.1,25251648,68030.5
04-01-08,275,279.7,270.05,270.5,271.45,15690852,43134.28
07-01-08,270,274.9,264.1,268.55,268.8,7115611,19256.82
08-01-08,270,272.85,259.35,267,264.9,12215701,32303.94
09-01-08,266.25,279.4,262.1,276,277.15,16240067,44539.21
10-01-08,277,283.45,263.45,266.15,265.85,16313197,45023.78
11-01-08,267.1,274.45,262.1,274.45,272.25,10923531,29338.39
14-01-08,275,287.9,270,286.85,284.65,12711465,35548.7
15-01-08,289,290.75,271,271.8,274,18865911,53227.65